insert into users values ('S1','660866787','1student');
insert into users values ('S2','64510410','2student');
insert into users values ('S3','468154042','3student');
insert into users values ('S4','871797674','4student');
insert into users values ('S5','275441297','5student');
insert into users values ('S6','679084929','6student');
insert into users values ('S7','82728552','7student');
insert into users values ('I1','196658592','1instructor');
insert into users values ('I2','143991279','2instructor');
insert into users values ('I3','91323966','3instructor');
insert into department values ('CSE');
insert into department values ('EE');
insert into department values ('ME');
insert into instructor values ('I1','instructor1','CSE');
insert into instructor values ('I2','instructor2','EE');
insert into instructor values ('I3','instructor3','ME');
insert into student values ('16005001','student1','S1','ME');
insert into student values ('16005002','student2','S2','ME');
insert into student values ('16005003','student3','S3','ME');
insert into student values ('16005004','student4','S4','EE');
insert into student values ('16005005','student5','S5','CSE');
insert into student values ('16005006','student6','S6','CSE');
insert into student values ('16005007','student7','S7','CSE');
insert into course values ('CS101','Intro to C','CSE');
insert into course values ('ME101','Intro to M','ME');
insert into course values ('EE101','Intro to E','EE');
insert into section values ('ME101','Fall','2018');
insert into section values ('ME101','Spring','2017');
insert into section values ('CS101','Fall','2018');
insert into section values ('CS101','Spring','2017');
insert into section values ('EE101','Fall','2018');
insert into section values ('EE101','Spring','2017');
insert into teaches values ('I1','CS101','Fall','2018');
insert into teaches values ('I1','CS101','Spring','2017');
insert into teaches values ('I2','EE101','Fall','2018');
insert into teaches values ('I2','EE101','Spring','2017');
insert into teaches values ('I3','ME101','Fall','2018');
insert into teaches values ('I3','ME101','Spring','2017');
insert into TA values ('16005001','ME101','Spring','2017');
insert into TA values ('16005001','ME101','Fall','2018');
insert into TA values ('16005004','EE101','Fall','2018');
insert into TA values ('16005005','CS101','Fall','2018');
insert into takes values ('16005002','ME101','Fall','2018');
insert into takes values ('16005003','ME101','Spring','2017');
insert into takes values ('16005006','CS101','Fall','2018');
insert into takes values ('16005007','CS101','Spring','2017');
insert into test values ('ME101','Fall','2018','1','Quiz1',10,' Oct 1');
insert into test values ('ME101','Fall','2018','2','Quiz2',10,' Oct 2');
insert into test values ('CS101','Fall','2018','1','Quiz1',20,' Sept 1');
insert into test values ('CS101','Fall','2018','2','Quiz1',7,' Sept 1');
insert into appears values ('CS101','Fall','2018','1','16005006');
insert into appears values ('CS101','Fall','2018','1','16005007');
insert into appears values ('ME101','Fall','2018','1','16005002');
insert into appears values ('CS101','Fall','2018','1','16005003');
insert into question values ('CS101','Fall','2018','1',1,15.0,'Who are you?',1,'An earthling');
insert into question values ('CS101','Fall','2018','1',2,18.0,'Who is Jon Snow?',2,'King in the North');
insert into question values ('ME101','Fall','2018','1',1,10,'Who are you?',1,'An earthling');
insert into question values ('ME101','Fall','2018','2',1,100,'Why katapa killed Bahubali?',1,'I dont know!');
